<?xml version="1.0" encoding="UTF-8"?>
<teamcity-plugin xmlns:xsi="http://www.w3.org/2001/XMLSchema-instance" xsi:noNamespaceSchemaLocation="urn:schemas-jetbrains-com:teamcity-plugin-v1-xml">
  <info>
    <name>Leaptest Integration</name>
    <display-name>Leaptest Integration</display-name>
    <version>1.0.0</version>
    <description>Integrates Leaptest codeless test automation with Teamcity. Run tests, get results, generate reports.</description>
    <download-url>https://github.com/Customatics/Leaptest-Integration/archive/master.zip</download-url>
    <email>app@customatics.com</email>
    <vendor>
      <name>Plugin vendor name</name>
      <url>Plugin vendor URL</url>
      <logo>Plugin vendor logo URL</logo>
    </vendor>
  </info>
  <deployment use-separate-classloader="true" />
</teamcity-plugin>
